REM INSERTING into MBC.MEMBER_3
SET DEFINE OFF;
Insert into MBC.MEMBER_3 (ID,PW,NAME,PHONE,BIRTH) values ('korea1234','1234','?³??³??³?','010-2222-1111',to_date('98/05/09','RR/MM/DD'));
Insert into MBC.MEMBER_3 (ID,PW,NAME,PHONE,BIRTH) values ('kelq','$2a$10$SDTiM7gY4JYwG.g/xoxs6.YQyZ7EwI3Ys6Uj5ToGg1li5fhLvl1Oy','????°?','010-7777-9999',to_date('13/10/08','RR/MM/DD'));
Insert into MBC.MEMBER_3 (ID,PW,NAME,PHONE,BIRTH) values ('qwe','pw1234','홍길동','010-1234-5678',to_date('90/01/01','RR/MM/DD'));
Insert into MBC.MEMBER_3 (ID,PW,NAME,PHONE,BIRTH) values ('s1','$2a$10$h1dNgIwxe16mGKipEmK0perP7tZi8931BZowOtjem6Ag3/JVMWARC','?°±?????°','010-7777-2222',to_date('25/03/31','RR/MM/DD'));
Insert into MBC.MEMBER_3 (ID,PW,NAME,PHONE,BIRTH) values ('as','$2a$10$6Vp8kZ.1JNnKO809GdFw8OwXeSXdeF9bCPrZdvVHJgd9oPDTNvQGO',null,'010-7777-2222',to_date('25/04/04','RR/MM/DD'));
Insert into MBC.MEMBER_3 (ID,PW,NAME,PHONE,BIRTH) values ('mitskg123','$2a$10$a06V3b6Ei1hibar77hS7nOQ3Dxw0nWF.HdSGWp0o18rEkq/RSUGZe','기세미','010-2235-1678',to_date('25/03/10','RR/MM/DD'));
Insert into MBC.MEMBER_3 (ID,PW,NAME,PHONE,BIRTH) values ('miee','$2a$10$3HA4VmGX6avcdAL9x45As.EoRP1t8PmTs1zvVAdUP4LK9uMBllLxi','김자세미요','010-2255-1611',to_date('25/04/02','RR/MM/DD'));
Insert into MBC.MEMBER_3 (ID,PW,NAME,PHONE,BIRTH) values ('olep','$2a$10$STkAX2y5jPnL8UFyYXpCHOzgxa385wXO/6chAA8p56opFqyjArLVG','김수박내ㅁ','010-7777-2222',to_date('25/04/24','RR/MM/DD'));
Insert into MBC.MEMBER_3 (ID,PW,NAME,PHONE,BIRTH) values ('kkppp','$2a$10$ebFdjjLftA.jTfiH6Aw2AOC4b8uT8CR0CJFQargGE3q2UT4/CjLHa','감자미','010-7777-2222',to_date('25/04/08','RR/MM/DD'));
Insert into MBC.MEMBER_3 (ID,PW,NAME,PHONE,BIRTH) values ('mm','$2a$10$UqUezzGrOhCBaK21H/XLq.qXxAgmPz8tSSbCf.Sa8nn6P03j2vSEm','백두산','010-2235-1677',to_date('25/04/02','RR/MM/DD'));
Insert into MBC.MEMBER_3 (ID,PW,NAME,PHONE,BIRTH) values ('kkka','$2a$10$vu/J1Jy8M781uGmT0dKHv.nm.Nr6w2aLWa9zXa5/Q.ltkRcuvWN6u','백두산','010-2235-1678',to_date('25/04/13','RR/MM/DD'));
Insert into MBC.MEMBER_3 (ID,PW,NAME,PHONE,BIRTH) values ('ㅁㅁㅁㅁ','$2a$10$VGy4uHbMjZ3ICcAilCkWkOBKYY0WKd16kuEckIDPz73y3ivLgoFWe','백두산','010-7777-2222',to_date('25/03/30','RR/MM/DD'));
Insert into MBC.MEMBER_3 (ID,PW,NAME,PHONE,BIRTH) values ('kekekeke','$2a$10$EQT8dWOmmeUoxY4oYRuibeCNggA7GskDj6i3Fi2Claq.9h3rJ/mJm','백두산','010-2255-1611',to_date('25/04/10','RR/MM/DD'));
Insert into MBC.MEMBER_3 (ID,PW,NAME,PHONE,BIRTH) values ('sadsf','$2a$10$6H/8D93j1R47A4VbCDd/rO4VwhsJ48RoUIrP02eJ0KB0poyx2iCX2','고고고','010-1234-5678',to_date('25/04/11','RR/MM/DD'));
Insert into MBC.MEMBER_3 (ID,PW,NAME,PHONE,BIRTH) values ('asfaas','$2a$10$Vg.HdE8q6QLhxoO3docvCeOt/VLcjWU88GuVtPYXwjN2navC0gYcK','사과4','010-2235-1678',to_date('25/04/09','RR/MM/DD'));
Insert into MBC.MEMBER_3 (ID,PW,NAME,PHONE,BIRTH) values ('mitskgy123','$2a$10$P6RN/9BFtCvlGVx93MErheOkCYFq2mnVcDpePyO0cqlIyxd6u0LJC','고으니','010-1235-5674',to_date('25/01/30','RR/MM/DD'));
Insert into MBC.MEMBER_3 (ID,PW,NAME,PHONE,BIRTH) values ('mitskg1234','$2a$10$2tpfdcuN9mPqgNuHEU1UauD3Ks2qBjkj5AIOPu.wxB07r4ey0sbOG','기세미다','010-2235-1678',to_date('25/03/10','RR/MM/DD'));
Insert into MBC.MEMBER_3 (ID,PW,NAME,PHONE,BIRTH) values ('siu123','$2a$10$ctVhkxi7cL0K4qy6./Tu9OAKV/A8atwd9S9zTRPDyY/HhQNpiJBLe','시우','010-1234-5678',to_date('25/05/15','RR/MM/DD'));
Insert into MBC.MEMBER_3 (ID,PW,NAME,PHONE,BIRTH) values ('korea','$2a$10$bgvXWd44Di9IPsHRYVnsXunwAmD4b74ctSAWDXPenGRaO2boh3Qq.','코리아','010-1234-5678',to_date('01/05/29','RR/MM/DD'));
Insert into MBC.MEMBER_3 (ID,PW,NAME,PHONE,BIRTH) values ('mitswkgy123','$2a$10$lXIaTvl0UWpyogNzvwb4R.0vEVhAC9FGgCwtzl8CD0UTIXosK81d2','백두산','010-7777-2222',to_date('25/03/27','RR/MM/DD'));
Insert into MBC.MEMBER_3 (ID,PW,NAME,PHONE,BIRTH) values ('mmss','$2a$10$3dxCV9lOV6fuEtrLdekNK.fvGDVg/El7Q4QdIrYoj6UQyJ5ofdEty','고구마','010-2235-1678',to_date('25/02/12','RR/MM/DD'));
Insert into MBC.MEMBER_3 (ID,PW,NAME,PHONE,BIRTH) values ('admin','$2a$10$/VG.hsx7GYJJsx2rCC0laO/OGzzK4RonkMCpZ4Axq8KVVmdmL/g0K','어드민','010-1234-5678',to_date('25/05/05','RR/MM/DD'));
Insert into MBC.MEMBER_3 (ID,PW,NAME,PHONE,BIRTH) values ('mitt12','$2a$10$owFy1FbGzZjoy/j.dCYJlulbbGS1R4HhSUILalp6JnA.Odhw5UEoy','마마ㅏ','010-1234-5678',to_date('25/05/20','RR/MM/DD'));
Insert into MBC.MEMBER_3 (ID,PW,NAME,PHONE,BIRTH) values ('mitskgy12345','$2a$10$qsLC1oHkC3vgGcitAxl/ceAorpbKe8eu.xXWSHXoThCvuuwqo6C8C','감감자','010-5678-9996',to_date('25/05/20','RR/MM/DD'));
Insert into MBC.MEMBER_3 (ID,PW,NAME,PHONE,BIRTH) values ('testuser','$2a$10$kkezLUkPKZuVdrm9nglIwO38KHQc3kFUvp.Y7CoYFkj7zSD3J82HK','테스트','010-1234-5678',to_date('25/03/19','RR/MM/DD'));
Insert into MBC.MEMBER_3 (ID,PW,NAME,PHONE,BIRTH) values ('appple01','$2a$10$29dkK8O.VXy1faYwA/jBBOb.yRCAd4f29VUOO5BAmmqBDBA5MPrBm','사과','010-1234-5678',to_date('25/04/30','RR/MM/DD'));
Insert into MBC.MEMBER_3 (ID,PW,NAME,PHONE,BIRTH) values ('2222','$2a$10$pewswVdrd6fj5Jnla1gOxuhQheWrPdeXEqYxRGw26krmGText2bBe','감감자','010-5678-9996',to_date('25/05/20','RR/MM/DD'));


REM INSERTING into MBC.STORE_3
SET DEFINE OFF;
Insert into MBC.STORE_3 (STORECODE,STORENAME,STOREADDRESS,STORECATEGORY,STORELIKES,STOREAREA,STOREIMAGE,PARKING,LATITUDE,LONGITUDE,STOREHOURS) values (1,'일식미요이','경기 수원시 권선구 권선로 700, 1층','일식',0,'경기','ca278c7a-889b-4fca-8c05-263ddba701e3_gab5.jpg',1,37.2588116715,127.0275986424,'11:00 ~ 22:00');
Insert into MBC.STORE_3 (STORECODE,STORENAME,STOREADDRESS,STORECATEGORY,STORELIKES,STOREAREA,STOREIMAGE,PARKING,LATITUDE,LONGITUDE,STOREHOURS) values (4,'길림성','경기 수원시 장안구 송원로 2-0','중식',0,'경기','e0d7c1fb-d651-40f3-826d-e25aa09d8c2f_길림성.jpg',1,37.2960254913,127.004894806,'11:00~21:00');
Insert into MBC.STORE_3 (STORECODE,STORENAME,STOREADDRESS,STORECATEGORY,STORELIKES,STOREAREA,STOREIMAGE,PARKING,LATITUDE,LONGITUDE,STOREHOURS) values (3,'제철쌈밥','경기 수원시 장안구 파장천로44번길 28-0','한식',0,'경기','16cd399f-987a-4543-bf8b-0e80cf789b79_제철쌈밥.jpg',1,37.3085386989,126.9970925224,'11:30~22:00');
Insert into MBC.STORE_3 (STORECODE,STORENAME,STOREADDRESS,STORECATEGORY,STORELIKES,STOREAREA,STOREIMAGE,PARKING,LATITUDE,LONGITUDE,STOREHOURS) values (5,'백세삼계탕본점','경기 수원시 장안구 경수대로 1200-0','한식',0,'경기','79d3d4a3-f7b0-408c-9b6a-57eb37c03b5c_백세삼계탕.jpg',1,37.3180125967,126.9889355323,'10:30~21:10');
Insert into MBC.STORE_3 (STORECODE,STORENAME,STOREADDRESS,STORECATEGORY,STORELIKES,STOREAREA,STOREIMAGE,PARKING,LATITUDE,LONGITUDE,STOREHOURS) values (6,'이치하치','경기 수원시 팔달구 수원천로 313, 1층 (남수동 130-4)','일식',0,'경기','16efafbb-f785-4a44-bca8-89a7d6a7649d_이치하치.PNG',0,37.2814071316,127.0179798581,'11:30~21:00');
Insert into MBC.STORE_3 (STORECODE,STORENAME,STOREADDRESS,STORECATEGORY,STORELIKES,STOREAREA,STOREIMAGE,PARKING,LATITUDE,LONGITUDE,STOREHOURS) values (7,'긴자인계점','경기도 수원시 팔달구 경수대로 494','일식',0,'경기','933f6567-8d33-4263-a475-da668ab5094f_긴자인계점.jpg',1,37.2699123272,127.0283721753,'11:30~22:00');
Insert into MBC.STORE_3 (STORECODE,STORENAME,STOREADDRESS,STORECATEGORY,STORELIKES,STOREAREA,STOREIMAGE,PARKING,LATITUDE,LONGITUDE,STOREHOURS) values (8,'돌판짜장짜마','경기도 수원시 팔달구 화서문로 39 2층','중식',0,'경기','cff606c2-fff0-4524-8c8a-8c744756d747_돌판짜장짜마.PNG',0,37.2852395291,127.0122831945,'10:00~21:00');
Insert into MBC.STORE_3 (STORECODE,STORENAME,STOREADDRESS,STORECATEGORY,STORELIKES,STOREAREA,STOREIMAGE,PARKING,LATITUDE,LONGITUDE,STOREHOURS) values (9,'백리향','경기도 수원시 팔달구 경수대로 593','중식',0,'경기','f43c2f41-18b0-4493-b6f4-fec25b646148_백리향.jpg',1,37.278660885,127.0305657756,'11:00~21:30');
Insert into MBC.STORE_3 (STORECODE,STORENAME,STOREADDRESS,STORECATEGORY,STORELIKES,STOREAREA,STOREIMAGE,PARKING,LATITUDE,LONGITUDE,STOREHOURS) values (10,'대디스 바베큐','경기도 양평군 옥천면 옥천문화마을3길 15-24','양식',0,'경기','f7e1b6d7-187a-436f-8858-42b8249f2f56_대디스바베큐.jpg',1,37.5126887965,127.4632723852,'11:30~22:00');
Insert into MBC.STORE_3 (STORECODE,STORENAME,STOREADDRESS,STORECATEGORY,STORELIKES,STOREAREA,STOREIMAGE,PARKING,LATITUDE,LONGITUDE,STOREHOURS) values (11,'브라이 리퍼블릭','경기도 평택시 팽성읍 안정쇼핑로 17-1','양식',0,'경기','6cade2cd-8be0-4ca4-a1a4-f08e566c4d89_브라이리퍼블릭.jpg',0,36.9600333941,127.0445887992,'11:30~14:00, 17:00~20:30');
Insert into MBC.STORE_3 (STORECODE,STORENAME,STOREADDRESS,STORECATEGORY,STORELIKES,STOREAREA,STOREIMAGE,PARKING,LATITUDE,LONGITUDE,STOREHOURS) values (12,'108-3다이닝','경기 포천시 영중면 전영로 1636 1층','양식',0,'경기','e38cf51d-ed75-4675-8c8a-304d2923670d_108-3다이닝.jpeg',1,38.010022522,127.2371170067,'11:00~21:00');
Insert into MBC.STORE_3 (STORECODE,STORENAME,STOREADDRESS,STORECATEGORY,STORELIKES,STOREAREA,STOREIMAGE,PARKING,LATITUDE,LONGITUDE,STOREHOURS) values (13,'라미띠에','서울 강남구 도산대로67길 30 2층','양식',0,'서울','5caf1729-06b3-48f5-b5d1-db00bde24d12_라미띠에.jpg',0,37.5259371444,127.0445699034,'12:00~3:00, 6:00~10:30');
Insert into MBC.STORE_3 (STORECODE,STORENAME,STOREADDRESS,STORECATEGORY,STORELIKES,STOREAREA,STOREIMAGE,PARKING,LATITUDE,LONGITUDE,STOREHOURS) values (14,'제로컴플렉스','서울 용산구 서빙고로59길 11-8','양식',0,'서울','27bc4140-5460-4ef2-9e27-5b2a390b4a4c_제로컴플렉스.jpg',1,37.5208344008,126.9928507491,'12:00~15:30, 18:00~22:30');
Insert into MBC.STORE_3 (STORECODE,STORENAME,STOREADDRESS,STORECATEGORY,STORELIKES,STOREAREA,STOREIMAGE,PARKING,LATITUDE,LONGITUDE,STOREHOURS) values (15,'이타닉가든','서울 강남구 테헤란로 231 조선팰리스 36층','양식',0,'서울','f9d13402-986e-42ad-b6c6-47e7727480e5_이타닉가든.jpg',1,37.5028546529,127.0411888073,'12:00~14:30, 18:00~22:00');
Insert into MBC.STORE_3 (STORECODE,STORENAME,STOREADDRESS,STORECATEGORY,STORELIKES,STOREAREA,STOREIMAGE,PARKING,LATITUDE,LONGITUDE,STOREHOURS) values (16,'아리아께','서울 종로구 효자로 49 창성동 4층','일식',0,'서울','97bb630b-3a99-458b-b056-1d612ee2c7c2_아리아께.jpg',1,37.5557978191,127.0051748761,'12:00~14:30, 17:30~21:30');
Insert into MBC.STORE_3 (STORECODE,STORENAME,STOREADDRESS,STORECATEGORY,STORELIKES,STOREAREA,STOREIMAGE,PARKING,LATITUDE,LONGITUDE,STOREHOURS) values (17,'고료리켄','서울 강남구 신사동 631-28','일식',0,'서울','고료리켄.jpg',1,37.5230054129,127.0347970454,'18:00~23:00');
Insert into MBC.STORE_3 (STORECODE,STORENAME,STOREADDRESS,STORECATEGORY,STORELIKES,STOREAREA,STOREIMAGE,PARKING,LATITUDE,LONGITUDE,STOREHOURS) values (18,'소수헌','서울 중구 만리재로21길 8 소수헌빌딩','일식',0,'서울','소수헌.jpg',0,37.5529406067,126.9634151085,'12:00~14:00, 18:30~21:00');
Insert into MBC.STORE_3 (STORECODE,STORENAME,STOREADDRESS,STORECATEGORY,STORELIKES,STOREAREA,STOREIMAGE,PARKING,LATITUDE,LONGITUDE,STOREHOURS) values (19,'홍보각','서울 강남구 봉은사로130 노보텔앰배서더 LL층','중식',0,'서울','홍보각.jpg',1,37.505261728,127.0289105629,'11:30~2:30, 17:30~22:00');
Insert into MBC.STORE_3 (STORECODE,STORENAME,STOREADDRESS,STORECATEGORY,STORELIKES,STOREAREA,STOREIMAGE,PARKING,LATITUDE,LONGITUDE,STOREHOURS) values (20,'송화산시도삭면','서울 광진구 뚝섬로27길 48','중식',0,'서울','송화산시도삭면.jpg',0,37.537887608,127.066524666,'11:00~23:00');
Insert into MBC.STORE_3 (STORECODE,STORENAME,STOREADDRESS,STORECATEGORY,STORELIKES,STOREAREA,STOREIMAGE,PARKING,LATITUDE,LONGITUDE,STOREHOURS) values (21,'무탄','서울 강남구 논현로176길 22 1층','중식',0,'서울','무탄.PNG',1,37.5272864109,127.0303077412,'11:00~22:00');
Insert into MBC.STORE_3 (STORECODE,STORENAME,STOREADDRESS,STORECATEGORY,STORELIKES,STOREAREA,STOREIMAGE,PARKING,LATITUDE,LONGITUDE,STOREHOURS) values (22,'밍글스','서울 강남구 도산대로67길 19 힐탑빌딩 2층','한식',0,'서울','밍글스.jpg',1,37.5253674157,127.0441566477,'12:00~15:00, 18:00~22:00');
Insert into MBC.STORE_3 (STORECODE,STORENAME,STOREADDRESS,STORECATEGORY,STORELIKES,STOREAREA,STOREIMAGE,PARKING,LATITUDE,LONGITUDE,STOREHOURS) values (23,'온지음','서울 종로구 효자로49 온지음빌딩 4층','한식',0,'서울','온지음.jpg',0,37.5804889723,126.973386865,'12:00~15:00, 18:00~22:00');
Insert into MBC.STORE_3 (STORECODE,STORENAME,STOREADDRESS,STORECATEGORY,STORELIKES,STOREAREA,STOREIMAGE,PARKING,LATITUDE,LONGITUDE,STOREHOURS) values (24,'비채나','서울 송파구 올림픽로300 롯데월드타워81층','한식',0,'서울','비채나.jpg',1,37.5126022308,127.1025499281,'11:30~14:30, 18:00~22:00');
Insert into MBC.STORE_3 (STORECODE,STORENAME,STOREADDRESS,STORECATEGORY,STORELIKES,STOREAREA,STOREIMAGE,PARKING,LATITUDE,LONGITUDE,STOREHOURS) values (25,'툴롱','인천 연수구 인천타워대로132번길 30 208호','양식',0,'인천','툴롱.PNG',1,37.3859675954,126.6435463046,'11:30~15:00, 17:30~22:00');
Insert into MBC.STORE_3 (STORECODE,STORENAME,STOREADDRESS,STORECATEGORY,STORELIKES,STOREAREA,STOREIMAGE,PARKING,LATITUDE,LONGITUDE,STOREHOURS) values (26,'이당비스트로','인천 남동구 배려터로 9-1','양식',0,'인천','이당비스트로.jpg',1,37.4364809627,126.7235548699,'10:30~22:00');
Insert into MBC.STORE_3 (STORECODE,STORENAME,STOREADDRESS,STORECATEGORY,STORELIKES,STOREAREA,STOREIMAGE,PARKING,LATITUDE,LONGITUDE,STOREHOURS) values (27,'마타렐로','인천 연수구 아트센터대로 203 B동 1층상가 120-6호','양식',0,'인천','마타렐로.jpg',1,37.395203767,126.6312975108,'11:00~22:00');
Insert into MBC.STORE_3 (STORECODE,STORENAME,STOREADDRESS,STORECATEGORY,STORELIKES,STOREAREA,STOREIMAGE,PARKING,LATITUDE,LONGITUDE,STOREHOURS) values (28,'스시사쿠','인천 연수구 송도과학로16번길 13-18 119호','일식',0,'인천','스시사쿠.PNG',1,37.3812244699,126.6606436411,'11:30~21:30');
Insert into MBC.STORE_3 (STORECODE,STORENAME,STOREADDRESS,STORECATEGORY,STORELIKES,STOREAREA,STOREIMAGE,PARKING,LATITUDE,LONGITUDE,STOREHOURS) values (29,'아키노','인천 연수구 하모니로 158 송도타임스페이스 C동 309호','일식',0,'인천','아키노.jpg',1,37.3832921824,126.6422576407,'11:30~22:00');
Insert into MBC.STORE_3 (STORECODE,STORENAME,STOREADDRESS,STORECATEGORY,STORELIKES,STOREAREA,STOREIMAGE,PARKING,LATITUDE,LONGITUDE,STOREHOURS) values (30,'기요항','인천 남동구 인하로507번길 63 1층 102호 기요항','일식',0,'인천','기요항.PNG',1,37.3940889345,126.6460995875,'11:00~15:00, 17:00~21:00');
Insert into MBC.STORE_3 (STORECODE,STORENAME,STOREADDRESS,STORECATEGORY,STORELIKES,STOREAREA,STOREIMAGE,PARKING,LATITUDE,LONGITUDE,STOREHOURS) values (31,'만다복','인천 중구 차이나타운로 36','중식',1,'인천','만다복.png',1,37.4761011934,126.6192701264,'11:00~21:00');
Insert into MBC.STORE_3 (STORECODE,STORENAME,STOREADDRESS,STORECATEGORY,STORELIKES,STOREAREA,STOREIMAGE,PARKING,LATITUDE,LONGITUDE,STOREHOURS) values (32,'연경','인천 중구 차이나타운로 41','중식',0,'인천','연경.jpeg',1,37.4755938995,126.6198210029,'10:30~21:30');
Insert into MBC.STORE_3 (STORECODE,STORENAME,STOREADDRESS,STORECATEGORY,STORELIKES,STOREAREA,STOREIMAGE,PARKING,LATITUDE,LONGITUDE,STOREHOURS) values (33,'십리향','인천 중구 차이나타운로 50-2','중식',0,'인천','a9fab61c-ec81-4170-8c8f-93d2fab87258_십리향.jpg',1,37.475090645,126.6188286997,'12:00~20:00');
Insert into MBC.STORE_3 (STORECODE,STORENAME,STOREADDRESS,STORECATEGORY,STORELIKES,STOREAREA,STOREIMAGE,PARKING,LATITUDE,LONGITUDE,STOREHOURS) values (34,'거궁','인천 연수구 송도국제대로 157 오네스타 2층','한식',0,'인천','거궁.PNG',1,37.380969587,126.6566223672,'11:00~21:30');
Insert into MBC.STORE_3 (STORECODE,STORENAME,STOREADDRESS,STORECATEGORY,STORELIKES,STOREAREA,STOREIMAGE,PARKING,LATITUDE,LONGITUDE,STOREHOURS) values (35,'산향한정식','인천 남동구 선수촌공원로17번길 28 11층','한식',0,'인천','352c0958-c41b-471a-bb00-556ecf963434_산향한정식.jpg',1,37.4406754633,126.7068465278,'11:00~15:30, 17:00~21:00');
Insert into MBC.STORE_3 (STORECODE,STORENAME,STOREADDRESS,STORECATEGORY,STORELIKES,STOREAREA,STOREIMAGE,PARKING,LATITUDE,LONGITUDE,STOREHOURS) values (36,'기와집담','인천 중구 용유로21번길 65-17','한식',0,'인천','706e79ee-97d6-4472-88fa-ab48af59a0e8_기와집담.PNG',1,37.4314441642,126.4242125382,'11:30~21:30');


REM INSERTING into MBC.BOOKING_3
SET DEFINE OFF;
Insert into MBC.BOOKING_3 (TABLENUM,STORECODE,ID,SARAMSU,STATE,BOOKINGDATE,BOOKINGTIME) values (22,30,'testuser',1,'대기',to_date('25/05/23','RR/MM/DD'),'15:32');
Insert into MBC.BOOKING_3 (TABLENUM,STORECODE,ID,SARAMSU,STATE,BOOKINGDATE,BOOKINGTIME) values (36,28,'appple01',2,'대기',to_date('25/05/16','RR/MM/DD'),'11:59');
Insert into MBC.BOOKING_3 (TABLENUM,STORECODE,ID,SARAMSU,STATE,BOOKINGDATE,BOOKINGTIME) values (24,28,'testuser',2,'대기',to_date('25/05/08','RR/MM/DD'),'19:50');
Insert into MBC.BOOKING_3 (TABLENUM,STORECODE,ID,SARAMSU,STATE,BOOKINGDATE,BOOKINGTIME) values (27,24,'testuser',1,'대기',to_date('25/05/23','RR/MM/DD'),'15:37');
Insert into MBC.BOOKING_3 (TABLENUM,STORECODE,ID,SARAMSU,STATE,BOOKINGDATE,BOOKINGTIME) values (63,32,'korea',5,'대기',to_date('25/05/14','RR/MM/DD'),'19:00');
Insert into MBC.BOOKING_3 (TABLENUM,STORECODE,ID,SARAMSU,STATE,BOOKINGDATE,BOOKINGTIME) values (28,23,'testuser',2,'대기',to_date('25/06/04','RR/MM/DD'),'19:39');
Insert into MBC.BOOKING_3 (TABLENUM,STORECODE,ID,SARAMSU,STATE,BOOKINGDATE,BOOKINGTIME) values (42,30,'appple01',9,'예약중',to_date('25/05/22','RR/MM/DD'),'18:55');
Insert into MBC.BOOKING_3 (TABLENUM,STORECODE,ID,SARAMSU,STATE,BOOKINGDATE,BOOKINGTIME) values (40,30,'mitt12',3,'예약중',to_date('25/05/23','RR/MM/DD'),'23:02');
Insert into MBC.BOOKING_3 (TABLENUM,STORECODE,ID,SARAMSU,STATE,BOOKINGDATE,BOOKINGTIME) values (37,12,'appple01',1,'대기',to_date('25/04/29','RR/MM/DD'),'11:56');
Insert into MBC.BOOKING_3 (TABLENUM,STORECODE,ID,SARAMSU,STATE,BOOKINGDATE,BOOKINGTIME) values (64,23,'korea',2,'대기',to_date('25/06/05','RR/MM/DD'),'16:00');
Insert into MBC.BOOKING_3 (TABLENUM,STORECODE,ID,SARAMSU,STATE,BOOKINGDATE,BOOKINGTIME) values (65,1,'korea',6,'대기',to_date('25/05/31','RR/MM/DD'),'19:00');
Insert into MBC.BOOKING_3 (TABLENUM,STORECODE,ID,SARAMSU,STATE,BOOKINGDATE,BOOKINGTIME) values (43,25,'appple01',1,'예약중',to_date('25/05/23','RR/MM/DD'),'18:54');
Insert into MBC.BOOKING_3 (TABLENUM,STORECODE,ID,SARAMSU,STATE,BOOKINGDATE,BOOKINGTIME) values (41,27,'mitt12',1,'대기',to_date('25/06/19','RR/MM/DD'),'03:01');
Insert into MBC.BOOKING_3 (TABLENUM,STORECODE,ID,SARAMSU,STATE,BOOKINGDATE,BOOKINGTIME) values (44,23,'appple01',1,'대기',to_date('25/05/08','RR/MM/DD'),'18:55');
Insert into MBC.BOOKING_3 (TABLENUM,STORECODE,ID,SARAMSU,STATE,BOOKINGDATE,BOOKINGTIME) values (66,4,'mitskgy123',2,'대기',to_date('25/05/23','RR/MM/DD'),'12:00');
Insert into MBC.BOOKING_3 (TABLENUM,STORECODE,ID,SARAMSU,STATE,BOOKINGDATE,BOOKINGTIME) values (46,30,'testuser',1,'대기',to_date('25/05/22','RR/MM/DD'),'16:55');
Insert into MBC.BOOKING_3 (TABLENUM,STORECODE,ID,SARAMSU,STATE,BOOKINGDATE,BOOKINGTIME) values (47,30,'testuser',2,'대기',to_date('25/05/24','RR/MM/DD'),'11:30');
Insert into MBC.BOOKING_3 (TABLENUM,STORECODE,ID,SARAMSU,STATE,BOOKINGDATE,BOOKINGTIME) values (67,28,'mitskgy123',3,'대기',to_date('25/05/31','RR/MM/DD'),'15:00');
Insert into MBC.BOOKING_3 (TABLENUM,STORECODE,ID,SARAMSU,STATE,BOOKINGDATE,BOOKINGTIME) values (68,30,'mitskgy123',4,'대기',to_date('25/05/21','RR/MM/DD'),'19:00');
Insert into MBC.BOOKING_3 (TABLENUM,STORECODE,ID,SARAMSU,STATE,BOOKINGDATE,BOOKINGTIME) values (50,7,'appple01',9,'예약중',to_date('25/05/21','RR/MM/DD'),'18:30');
Insert into MBC.BOOKING_3 (TABLENUM,STORECODE,ID,SARAMSU,STATE,BOOKINGDATE,BOOKINGTIME) values (61,36,'appple01',2,'대기',to_date('25/06/07','RR/MM/DD'),'17:00');
Insert into MBC.BOOKING_3 (TABLENUM,STORECODE,ID,SARAMSU,STATE,BOOKINGDATE,BOOKINGTIME) values (62,7,'korea',2,'대기',to_date('25/06/12','RR/MM/DD'),'11:30');
Insert into MBC.BOOKING_3 (TABLENUM,STORECODE,ID,SARAMSU,STATE,BOOKINGDATE,BOOKINGTIME) values (69,27,'mitskgy123',2,'대기',to_date('25/05/14','RR/MM/DD'),'14:00');
Insert into MBC.BOOKING_3 (TABLENUM,STORECODE,ID,SARAMSU,STATE,BOOKINGDATE,BOOKINGTIME) values (70,19,'mmss',5,'대기',to_date('25/05/07','RR/MM/DD'),'13:00');
Insert into MBC.BOOKING_3 (TABLENUM,STORECODE,ID,SARAMSU,STATE,BOOKINGDATE,BOOKINGTIME) values (71,15,'siu123',2,'대기',to_date('25/06/27','RR/MM/DD'),'17:30');


REM INSERTING into MBC.STORE_IMAGE_3
SET DEFINE OFF;
Insert into MBC.STORE_IMAGE_3 (STORECODE,IMAGE_FILENAME) values (1,'8e60014c-131a-434f-90be-70b226b05100_일식미요이1.jpg');
Insert into MBC.STORE_IMAGE_3 (STORECODE,IMAGE_FILENAME) values (1,'b4b837b0-f6a6-44dc-8b87-2ebf5b520c02_일식미요이2.jpg');
Insert into MBC.STORE_IMAGE_3 (STORECODE,IMAGE_FILENAME) values (1,'f60d7488-aa94-45f2-941b-6138f9bbc2b0_일식미요이3.jpg');
Insert into MBC.STORE_IMAGE_3 (STORECODE,IMAGE_FILENAME) values (1,'7e364214-70f9-46cb-9e1d-a4a37b1afe81_일식미요이_메뉴.jpg');
Insert into MBC.STORE_IMAGE_3 (STORECODE,IMAGE_FILENAME) values (2,'74b7e099-d1ad-4394-bb12-b559991c891d_보영만두1.jpg');
Insert into MBC.STORE_IMAGE_3 (STORECODE,IMAGE_FILENAME) values (2,'e07d2c29-2a9e-4ba2-b283-6a093edaa657_보영만두2.JPG');
Insert into MBC.STORE_IMAGE_3 (STORECODE,IMAGE_FILENAME) values (2,'1583dcaa-1974-4e23-8d08-64045a643eed_보영만두3.jpg');
Insert into MBC.STORE_IMAGE_3 (STORECODE,IMAGE_FILENAME) values (2,'6d5bc016-585c-4943-83c9-5986778db811_보영만두_메뉴.jpg');
Insert into MBC.STORE_IMAGE_3 (STORECODE,IMAGE_FILENAME) values (3,'7aae1c1f-1d4b-4779-bdcf-af6d62b456cc_제철쌈밥1.jpg');
Insert into MBC.STORE_IMAGE_3 (STORECODE,IMAGE_FILENAME) values (3,'2b57a0de-6940-4566-be27-8bbbb626f51b_제철쌈밥2.jpg');
Insert into MBC.STORE_IMAGE_3 (STORECODE,IMAGE_FILENAME) values (3,'3aa22e5d-9ec6-4b7d-8bbb-781f86fdddcd_제철쌈밥3.jpg');
Insert into MBC.STORE_IMAGE_3 (STORECODE,IMAGE_FILENAME) values (3,'2bfbf3f1-6afb-46a3-aeb7-d70ba41bd6f8_제철쌈밥_메뉴.jpg');
Insert into MBC.STORE_IMAGE_3 (STORECODE,IMAGE_FILENAME) values (4,'c6cc9dee-bbb5-4605-93dc-80be22ce3dbb_길림성1.jpg');
Insert into MBC.STORE_IMAGE_3 (STORECODE,IMAGE_FILENAME) values (4,'41e61192-b012-4fbd-8ada-6bbddf7c25df_길림성2.jpg');
Insert into MBC.STORE_IMAGE_3 (STORECODE,IMAGE_FILENAME) values (4,'5f39a79b-97ff-4c73-9121-dc22637a423a_길림성3.jpg');
Insert into MBC.STORE_IMAGE_3 (STORECODE,IMAGE_FILENAME) values (4,'3c1e1e42-6881-4f9e-ab2d-aaa9f2bdbf7c_길림성_메뉴.jpg');
Insert into MBC.STORE_IMAGE_3 (STORECODE,IMAGE_FILENAME) values (5,'249895a7-adeb-4a86-ab05-9008a3193dce_백세삼계탕1.jpg');
Insert into MBC.STORE_IMAGE_3 (STORECODE,IMAGE_FILENAME) values (5,'bbc876b6-20a3-413c-ad60-18494832d6ee_백세삼계탕2.jpg');
Insert into MBC.STORE_IMAGE_3 (STORECODE,IMAGE_FILENAME) values (5,'a04151c5-1fc3-4047-8edd-5b093e67b871_백세삼계탕3.jpg');
Insert into MBC.STORE_IMAGE_3 (STORECODE,IMAGE_FILENAME) values (5,'18ea7031-17fa-455e-a87a-c8f0b611d6a2_백세삼계탕_메뉴.jpg');
Insert into MBC.STORE_IMAGE_3 (STORECODE,IMAGE_FILENAME) values (6,'18065901-fe87-4d14-94a2-666bcdc179b8_이치하치1.jpg');
Insert into MBC.STORE_IMAGE_3 (STORECODE,IMAGE_FILENAME) values (6,'b49f5174-c9f9-4aad-885c-b25375e0176c_이치하치2.jpg');
Insert into MBC.STORE_IMAGE_3 (STORECODE,IMAGE_FILENAME) values (6,'2dcafcda-cb05-401e-9b97-89bf8b22ef86_이치하치3.jpg');
Insert into MBC.STORE_IMAGE_3 (STORECODE,IMAGE_FILENAME) values (6,'9804aa2a-9f52-4990-b280-83aa90ad71c7_이치하치_메뉴.jpg');
Insert into MBC.STORE_IMAGE_3 (STORECODE,IMAGE_FILENAME) values (7,'bf6d5f57-8fab-40f7-b116-205af456ad60_긴자1.jpg');
Insert into MBC.STORE_IMAGE_3 (STORECODE,IMAGE_FILENAME) values (7,'5c1ab095-5491-48ac-bc51-4a3027e7e818_긴자2.jpg');
Insert into MBC.STORE_IMAGE_3 (STORECODE,IMAGE_FILENAME) values (7,'f41d6b39-838c-45b2-b5a0-ce76f35b20cb_긴자3.jpg');
Insert into MBC.STORE_IMAGE_3 (STORECODE,IMAGE_FILENAME) values (7,'ad3be2d1-d362-4883-9e54-09c5c459c1d9_긴자_메뉴.jpg');
Insert into MBC.STORE_IMAGE_3 (STORECODE,IMAGE_FILENAME) values (8,'b0cba597-8fcb-4eac-b902-e2c5bace4604_짜마1.jpg');
Insert into MBC.STORE_IMAGE_3 (STORECODE,IMAGE_FILENAME) values (8,'88194e7f-9c52-425d-bd3f-cfb81dd6f840_짜마2.jpg');
Insert into MBC.STORE_IMAGE_3 (STORECODE,IMAGE_FILENAME) values (8,'8887c813-bb52-4e34-94e4-d2b26f747980_짜마3.jpg');
Insert into MBC.STORE_IMAGE_3 (STORECODE,IMAGE_FILENAME) values (8,'aab93f66-5bd6-488d-8673-e492cf674978_짜마_메뉴.jpg');
Insert into MBC.STORE_IMAGE_3 (STORECODE,IMAGE_FILENAME) values (9,'ba96f2e4-af67-4d8e-a74c-c78412977dbf_백리향1.jpg');
Insert into MBC.STORE_IMAGE_3 (STORECODE,IMAGE_FILENAME) values (9,'f4ae1320-5eb2-4e37-951c-a9535a60cb6a_백리향2.jpg');
Insert into MBC.STORE_IMAGE_3 (STORECODE,IMAGE_FILENAME) values (9,'74082419-9431-425c-8f2a-8992be927545_백리향3.jpg');
Insert into MBC.STORE_IMAGE_3 (STORECODE,IMAGE_FILENAME) values (9,'a30add7c-76dc-412c-8d55-735ce9a02fe5_백리향_메뉴.jpg');
Insert into MBC.STORE_IMAGE_3 (STORECODE,IMAGE_FILENAME) values (10,'980fe661-7961-4205-bef7-2386fc3582e5_대디스바베큐1.jpg');
Insert into MBC.STORE_IMAGE_3 (STORECODE,IMAGE_FILENAME) values (10,'76cd372c-6bb2-4d8d-91d8-7481db6d6eaa_대디스바베큐2.jpg');
Insert into MBC.STORE_IMAGE_3 (STORECODE,IMAGE_FILENAME) values (10,'d5c6ea01-7717-4360-b0f4-66d4e4ba3574_대디스바베큐3.jpg');
Insert into MBC.STORE_IMAGE_3 (STORECODE,IMAGE_FILENAME) values (10,'553fc5f2-869f-486b-a804-8e0e9bcdc4eb_대디스바베큐_메뉴.jpg');
Insert into MBC.STORE_IMAGE_3 (STORECODE,IMAGE_FILENAME) values (11,'3823f585-590b-4f03-9156-b170d2acfdd1_브라이리퍼블릭1.jpg');
Insert into MBC.STORE_IMAGE_3 (STORECODE,IMAGE_FILENAME) values (11,'8bf2e5d3-98ef-4dd7-9d84-23c9b369074f_브라이리퍼블릭2.jpg');
Insert into MBC.STORE_IMAGE_3 (STORECODE,IMAGE_FILENAME) values (11,'e1e6cbaa-bfc6-4eac-b985-b8a88cea8020_브라이리퍼블릭3.jpg');
Insert into MBC.STORE_IMAGE_3 (STORECODE,IMAGE_FILENAME) values (11,'f44da4fa-b485-42ae-a2a7-8284ca8099b5_브라이리퍼블릭_메뉴.jpg');
Insert into MBC.STORE_IMAGE_3 (STORECODE,IMAGE_FILENAME) values (12,'5b0280dd-c6de-4eef-af22-445aeb8a7edb_108-3다이닝1.jpg');
Insert into MBC.STORE_IMAGE_3 (STORECODE,IMAGE_FILENAME) values (12,'a0186f13-aebe-4e92-bd48-d7daf62aa912_108-3다이닝2.jpg');
Insert into MBC.STORE_IMAGE_3 (STORECODE,IMAGE_FILENAME) values (12,'a29c61a0-7837-48a6-a093-922e36d21911_108-3다이닝3.jpg');
Insert into MBC.STORE_IMAGE_3 (STORECODE,IMAGE_FILENAME) values (12,'6d7a0093-57e6-4f26-8cb7-e60f94bcd7b3_108-3다이닝_메뉴.jpg');
Insert into MBC.STORE_IMAGE_3 (STORECODE,IMAGE_FILENAME) values (13,'0ac3c441-240c-4886-b9a4-9a2a2c04d6ca_라미띠에1.jpg');
Insert into MBC.STORE_IMAGE_3 (STORECODE,IMAGE_FILENAME) values (13,'b57dbdd0-947a-493a-ba0d-0e7c9eb5902c_라미띠에2.jpg');
Insert into MBC.STORE_IMAGE_3 (STORECODE,IMAGE_FILENAME) values (13,'3136844c-5ee1-4607-9176-bf7fb0d5e435_라미띠에3.jpg');
Insert into MBC.STORE_IMAGE_3 (STORECODE,IMAGE_FILENAME) values (13,'141f74d8-adb0-424d-a5d5-a178411d50db_라미띠에_메뉴.jpg');
Insert into MBC.STORE_IMAGE_3 (STORECODE,IMAGE_FILENAME) values (14,'4c7c4087-9217-4900-a8c8-da6dc344c0f9_제롤컴플렉스1.jpg');
Insert into MBC.STORE_IMAGE_3 (STORECODE,IMAGE_FILENAME) values (14,'02db9d96-fd0d-4bac-bd75-94d9533f39c5_제롤컴플렉스2.jpg');
Insert into MBC.STORE_IMAGE_3 (STORECODE,IMAGE_FILENAME) values (14,'d94784e1-2c5e-4e87-b2fe-2baaced6345b_제롤컴플렉스3.jpg');
Insert into MBC.STORE_IMAGE_3 (STORECODE,IMAGE_FILENAME) values (14,'848f4695-1739-4824-a2cd-d62edefff19f_제로컴플렉스_메뉴.jpg');
Insert into MBC.STORE_IMAGE_3 (STORECODE,IMAGE_FILENAME) values (15,'38dfd819-8123-45a4-8612-fd76dc23f5d6_이타닉가든1.jpg');
Insert into MBC.STORE_IMAGE_3 (STORECODE,IMAGE_FILENAME) values (15,'fd894579-5bb4-424a-a725-240c5e9c029b_이타닉가든2.jpg');
Insert into MBC.STORE_IMAGE_3 (STORECODE,IMAGE_FILENAME) values (15,'6feeed5d-b847-40a4-9f5b-b3b1c4c94417_이타닉가든3.jpg');
Insert into MBC.STORE_IMAGE_3 (STORECODE,IMAGE_FILENAME) values (15,'2d0b5dd5-d494-4d44-97a9-1c7038986114_이타닉가든_메뉴.jpg');
Insert into MBC.STORE_IMAGE_3 (STORECODE,IMAGE_FILENAME) values (16,'2847327e-6038-47c7-8311-91e7c1dc8385_아리아께1.jpg');
Insert into MBC.STORE_IMAGE_3 (STORECODE,IMAGE_FILENAME) values (16,'69ec2595-2390-4517-87a5-e83f6de7aa9d_아리아께2.jpg');
Insert into MBC.STORE_IMAGE_3 (STORECODE,IMAGE_FILENAME) values (16,'4373d3e2-d960-4a22-8fc6-f035549d52cd_아리아께3.jpg');
Insert into MBC.STORE_IMAGE_3 (STORECODE,IMAGE_FILENAME) values (16,'841eeb0c-dfd2-40d1-b0e6-f7d6adb70341_아리아께_메뉴.jpg');
Insert into MBC.STORE_IMAGE_3 (STORECODE,IMAGE_FILENAME) values (17,'c8630e02-130e-4aba-8a3d-3ea5b5aab24f_고료리켄1.jpg');
Insert into MBC.STORE_IMAGE_3 (STORECODE,IMAGE_FILENAME) values (17,'7f486558-60ed-4ea8-b9e2-7c130d42fdec_고료리켄2.jpg');
Insert into MBC.STORE_IMAGE_3 (STORECODE,IMAGE_FILENAME) values (17,'b8fa6ca0-a279-4332-92e2-e4f2f7493990_고료리켄3.jpg');
Insert into MBC.STORE_IMAGE_3 (STORECODE,IMAGE_FILENAME) values (17,'9e8a21d2-e0d3-4ce6-9d8b-fb3b31b738be_고료리켄_메뉴.jpg');
Insert into MBC.STORE_IMAGE_3 (STORECODE,IMAGE_FILENAME) values (18,'2f2f0bcc-2390-41ab-8140-e589766a58de_소수헌1.jpg');
Insert into MBC.STORE_IMAGE_3 (STORECODE,IMAGE_FILENAME) values (18,'e773159e-439a-4357-b415-d123e257000c_소수헌2.jpg');
Insert into MBC.STORE_IMAGE_3 (STORECODE,IMAGE_FILENAME) values (18,'f759d5d7-ddb0-44ae-b08f-30b779d8f360_소수헌3.jpg');
Insert into MBC.STORE_IMAGE_3 (STORECODE,IMAGE_FILENAME) values (18,'cc30768b-c7e3-4c73-aac8-78e859cc5eb3_소수헌_메뉴.jpg');
Insert into MBC.STORE_IMAGE_3 (STORECODE,IMAGE_FILENAME) values (19,'a9d9d6e1-0a35-4b0b-b3bc-8d06d94617e5_홍보각1.jpg');
Insert into MBC.STORE_IMAGE_3 (STORECODE,IMAGE_FILENAME) values (19,'fc29eb60-3090-4212-8e18-b5b1c6f3f0b0_홍보각2.jpg');
Insert into MBC.STORE_IMAGE_3 (STORECODE,IMAGE_FILENAME) values (19,'98240dab-c0f9-427f-ba3c-54c5b2db7074_홍보각3.jpg');
Insert into MBC.STORE_IMAGE_3 (STORECODE,IMAGE_FILENAME) values (19,'63297f63-574a-45d3-a098-12b9ef2a1ced_홍보각_메뉴.jpg');
Insert into MBC.STORE_IMAGE_3 (STORECODE,IMAGE_FILENAME) values (20,'56b48eb2-145b-4b43-af8b-d7e079664a8d_송화산시도삭면1.jpg');
Insert into MBC.STORE_IMAGE_3 (STORECODE,IMAGE_FILENAME) values (20,'a76eeb41-e56e-4a3f-996b-2890a2970881_송화산시도삭면2.jpg');
Insert into MBC.STORE_IMAGE_3 (STORECODE,IMAGE_FILENAME) values (20,'5a003fcc-da90-4591-8e40-e383e1777fa3_송화산시도삭면3.jpg');
Insert into MBC.STORE_IMAGE_3 (STORECODE,IMAGE_FILENAME) values (20,'6354560a-a655-4542-ac8a-077ed5d833e9_송화산시도삭면_메뉴.jpg');
Insert into MBC.STORE_IMAGE_3 (STORECODE,IMAGE_FILENAME) values (21,'f64c5722-661c-4019-83f5-a04455030985_무탄1.jpg');
Insert into MBC.STORE_IMAGE_3 (STORECODE,IMAGE_FILENAME) values (21,'326f13ae-7769-43bf-b260-d6661d75c2a5_무탄2.jpg');
Insert into MBC.STORE_IMAGE_3 (STORECODE,IMAGE_FILENAME) values (21,'d3045e75-0258-43d9-b514-2ae38730066b_무탄3.jpg');
Insert into MBC.STORE_IMAGE_3 (STORECODE,IMAGE_FILENAME) values (21,'15fc249d-8d66-4e69-8789-0333c5c02124_무탄_메뉴.jpg');
Insert into MBC.STORE_IMAGE_3 (STORECODE,IMAGE_FILENAME) values (22,'1ffbc642-1acd-455b-ba4a-2ede61ec6f99_밍글스1.jpg');
Insert into MBC.STORE_IMAGE_3 (STORECODE,IMAGE_FILENAME) values (22,'83ec9d23-b55f-4be5-bbff-8b491f182213_밍글스2.jpg');
Insert into MBC.STORE_IMAGE_3 (STORECODE,IMAGE_FILENAME) values (22,'7127e210-2a04-4554-93ec-100ae28bd596_밍글스3.jpg');
Insert into MBC.STORE_IMAGE_3 (STORECODE,IMAGE_FILENAME) values (22,'aeaac25b-fd49-47ab-a899-c9ef83604eeb_밍글스_메뉴.jpg');
Insert into MBC.STORE_IMAGE_3 (STORECODE,IMAGE_FILENAME) values (23,'59d02eb6-cff5-4b46-b82d-a63043e3e86f_온지음1.jpg');
Insert into MBC.STORE_IMAGE_3 (STORECODE,IMAGE_FILENAME) values (23,'9811ad0a-c2f2-495b-968a-59bb97e7818e_온지음2.jpg');
Insert into MBC.STORE_IMAGE_3 (STORECODE,IMAGE_FILENAME) values (23,'d73fbbd9-f549-484a-b516-bdb367ecd926_온지음3.jpg');
Insert into MBC.STORE_IMAGE_3 (STORECODE,IMAGE_FILENAME) values (23,'fea50b1b-9f1a-4f32-a0af-6ca41cc3a6b7_온지음_메뉴판.jpg');
Insert into MBC.STORE_IMAGE_3 (STORECODE,IMAGE_FILENAME) values (24,'27b38b67-4dbb-4cc9-be72-8a525695e1fd_비채나1.jpg');
Insert into MBC.STORE_IMAGE_3 (STORECODE,IMAGE_FILENAME) values (24,'32eca2cb-528d-4ee0-b148-c15524623d07_비채나2.jpg');
Insert into MBC.STORE_IMAGE_3 (STORECODE,IMAGE_FILENAME) values (24,'d02a57f9-aa05-4dc4-a6f3-7231a3e6faf8_비채나3.jpg');
Insert into MBC.STORE_IMAGE_3 (STORECODE,IMAGE_FILENAME) values (24,'5b9cf041-667c-4fc0-a2b4-dfd0f04b6f90_비채나_메뉴.jpg');
Insert into MBC.STORE_IMAGE_3 (STORECODE,IMAGE_FILENAME) values (25,'54a49b58-3dc0-4164-834f-11296886c1a4_툴롱1.jpg');
Insert into MBC.STORE_IMAGE_3 (STORECODE,IMAGE_FILENAME) values (25,'5c83fd4e-1da6-4748-bf9e-2b6528f1de9e_툴롱2.jpg');
Insert into MBC.STORE_IMAGE_3 (STORECODE,IMAGE_FILENAME) values (25,'469f87d8-39cd-48ae-9f4c-9da5ed66bf18_툴롱3.jpg');
Insert into MBC.STORE_IMAGE_3 (STORECODE,IMAGE_FILENAME) values (25,'c0bc970d-5d86-43d1-b834-5c19df792f2e_툴롱_메뉴.jpg');
Insert into MBC.STORE_IMAGE_3 (STORECODE,IMAGE_FILENAME) values (26,'1164c7dc-8a08-47c9-9de0-ac45b1b6aab4_이당비스트로1.jpg');
Insert into MBC.STORE_IMAGE_3 (STORECODE,IMAGE_FILENAME) values (26,'c4004bd5-e2c0-41e7-9e5a-b1138ee4481a_이당비스트로2.jpg');
Insert into MBC.STORE_IMAGE_3 (STORECODE,IMAGE_FILENAME) values (26,'629174c0-3351-4d61-9b3f-440e9aeae09d_이당비스트로3.jpg');
Insert into MBC.STORE_IMAGE_3 (STORECODE,IMAGE_FILENAME) values (26,'4a601dc6-27a7-4ae6-990b-3c94edcbff59_이당비스트로_메뉴.jpg');
Insert into MBC.STORE_IMAGE_3 (STORECODE,IMAGE_FILENAME) values (27,'e77157e2-a238-48e5-a270-46aa900b506e_마타렐로1.jpg');
Insert into MBC.STORE_IMAGE_3 (STORECODE,IMAGE_FILENAME) values (27,'d7cc8006-6bac-476c-ad37-e828f4ac59a9_마타렐로2.jpg');
Insert into MBC.STORE_IMAGE_3 (STORECODE,IMAGE_FILENAME) values (27,'f683851e-6dc6-45df-a272-46403f7b3720_마타렐로3.jpg');
Insert into MBC.STORE_IMAGE_3 (STORECODE,IMAGE_FILENAME) values (27,'a71f1829-0c8b-4be8-aa27-38b85b89f6a3_마타렐로_메뉴.jpg');
Insert into MBC.STORE_IMAGE_3 (STORECODE,IMAGE_FILENAME) values (28,'9a3aaa22-3b2c-4de1-9b33-1157900feaab_사쿠1.jpg');
Insert into MBC.STORE_IMAGE_3 (STORECODE,IMAGE_FILENAME) values (28,'7f901510-3334-434b-8ba9-c348990df33e_사쿠2.jpg');
Insert into MBC.STORE_IMAGE_3 (STORECODE,IMAGE_FILENAME) values (28,'3943bbea-5582-4e34-ab7a-3a1211c735e3_사쿠3.jpg');
Insert into MBC.STORE_IMAGE_3 (STORECODE,IMAGE_FILENAME) values (28,'c0f23531-7839-4600-b4b8-bfb079470546_사쿠_메뉴.jpg');
Insert into MBC.STORE_IMAGE_3 (STORECODE,IMAGE_FILENAME) values (29,'9a53abd4-b93c-469d-8028-09ef7d5342fb_아키노1.jpg');
Insert into MBC.STORE_IMAGE_3 (STORECODE,IMAGE_FILENAME) values (29,'f587edb5-a863-4645-a176-8dcbd5d1e1e9_아키노2.jpg');
Insert into MBC.STORE_IMAGE_3 (STORECODE,IMAGE_FILENAME) values (29,'90c87d3d-dc47-4138-9581-5a695d464553_아키노3.jpg');
Insert into MBC.STORE_IMAGE_3 (STORECODE,IMAGE_FILENAME) values (29,'062894a5-2c84-4f64-bde8-9725afb9625a_아키노_메뉴.jpg');
Insert into MBC.STORE_IMAGE_3 (STORECODE,IMAGE_FILENAME) values (30,'ac85e15e-c41d-4682-893d-bcd716428ea2_기요항1.jpg');
Insert into MBC.STORE_IMAGE_3 (STORECODE,IMAGE_FILENAME) values (30,'d3103e85-be01-4325-91e4-065350863b34_기요항2.jpg');
Insert into MBC.STORE_IMAGE_3 (STORECODE,IMAGE_FILENAME) values (30,'3200c736-b12f-4392-8fd5-2db8504957a0_기요항3.jpg');
Insert into MBC.STORE_IMAGE_3 (STORECODE,IMAGE_FILENAME) values (30,'944c511f-edb3-4eaf-b9df-a7a24f700db0_기요항_메뉴.jpg');
Insert into MBC.STORE_IMAGE_3 (STORECODE,IMAGE_FILENAME) values (31,'20debac4-5c3c-4e3d-9100-fb2b8fde4b48_만다복1.jpg');
Insert into MBC.STORE_IMAGE_3 (STORECODE,IMAGE_FILENAME) values (31,'2ee84a00-d291-4548-bc88-34e2b2260c76_만다복2.jpg');
Insert into MBC.STORE_IMAGE_3 (STORECODE,IMAGE_FILENAME) values (31,'48f343a3-353b-40ee-9d80-ff7394a01f5e_만다복3.jpg');
Insert into MBC.STORE_IMAGE_3 (STORECODE,IMAGE_FILENAME) values (31,'3c570ec7-e9b5-4b1a-8919-846322dc8f57_만다복_메뉴.jpg');
Insert into MBC.STORE_IMAGE_3 (STORECODE,IMAGE_FILENAME) values (32,'3b771b9c-d807-46b2-8960-208d6535f11b_연경1.jpg');
Insert into MBC.STORE_IMAGE_3 (STORECODE,IMAGE_FILENAME) values (32,'33994d09-4974-4d8e-8867-e8a880b4c736_연경2.jpg');
Insert into MBC.STORE_IMAGE_3 (STORECODE,IMAGE_FILENAME) values (32,'ab0a41e8-ab3d-41bc-94ca-c4bcdade8b5f_연경3.jpg');
Insert into MBC.STORE_IMAGE_3 (STORECODE,IMAGE_FILENAME) values (32,'228d58f8-5415-417e-a3ba-5ed9cd5ed73e_연경_메뉴.jpg');
Insert into MBC.STORE_IMAGE_3 (STORECODE,IMAGE_FILENAME) values (33,'23a5bd68-8692-4ac1-ad2d-ebf0232088fc_십리향1.jpg');
Insert into MBC.STORE_IMAGE_3 (STORECODE,IMAGE_FILENAME) values (33,'45390073-caf5-45af-8feb-44696857bc02_십리향2.jpg');
Insert into MBC.STORE_IMAGE_3 (STORECODE,IMAGE_FILENAME) values (33,'51e92240-142b-409e-ae9f-d921103013e1_십리향3.jpg');
Insert into MBC.STORE_IMAGE_3 (STORECODE,IMAGE_FILENAME) values (33,'2aa14531-c45e-4cc8-bd2c-4705ea62be9e_십리향_메뉴.jpg');
Insert into MBC.STORE_IMAGE_3 (STORECODE,IMAGE_FILENAME) values (34,'b84adfa0-7660-46d7-9391-0694fde29231_거궁1.jpg');
Insert into MBC.STORE_IMAGE_3 (STORECODE,IMAGE_FILENAME) values (34,'fd9486c2-3d06-4793-b69d-c8d1b04ee2ee_거궁2.jpg');
Insert into MBC.STORE_IMAGE_3 (STORECODE,IMAGE_FILENAME) values (34,'71ae16d8-5ea2-46a4-b60d-c53f4a03604c_거궁3.jpg');
Insert into MBC.STORE_IMAGE_3 (STORECODE,IMAGE_FILENAME) values (34,'257982e2-37ea-409b-965e-028c2b43d629_거궁_메뉴.jpg');
Insert into MBC.STORE_IMAGE_3 (STORECODE,IMAGE_FILENAME) values (35,'1ee5b62b-f13e-4c0f-b677-723c14658718_산향한정식1.jpg');
Insert into MBC.STORE_IMAGE_3 (STORECODE,IMAGE_FILENAME) values (35,'30744af5-d87c-430e-986b-a0d7cc9a8f0e_산향한정식2.jpg');
Insert into MBC.STORE_IMAGE_3 (STORECODE,IMAGE_FILENAME) values (35,'cea4037e-2ef1-40f8-8790-68827f9abe8b_산향한정식3.jpg');
Insert into MBC.STORE_IMAGE_3 (STORECODE,IMAGE_FILENAME) values (35,'c7a83ead-f484-4a1c-b65b-8a1ef649f6d7_산향한정식_메뉴.jpg');
Insert into MBC.STORE_IMAGE_3 (STORECODE,IMAGE_FILENAME) values (36,'bce131a8-3dfa-4a01-b8f5-9ca7125fca17_기와집담1.jpg');
Insert into MBC.STORE_IMAGE_3 (STORECODE,IMAGE_FILENAME) values (36,'f306c62e-6260-4678-a995-7fa2c1a8ba0e_기와집담2.jpg');
Insert into MBC.STORE_IMAGE_3 (STORECODE,IMAGE_FILENAME) values (36,'343abb91-2da4-49cd-b1de-24e439bdf712_기와집담3.jpg');
Insert into MBC.STORE_IMAGE_3 (STORECODE,IMAGE_FILENAME) values (36,'4bc3d723-4083-4127-a94a-671b8ebac1ae_기와집담_메뉴.jpg');


REM INSERTING into MBC.REVIEW_3
SET DEFINE OFF;
Insert into MBC.REVIEW_3 (ID,STORECODE,CONTENT,STARS,TITLE) values ('appple01',27,'전 맛있어요',5,'맛있던디');
Insert into MBC.REVIEW_3 (ID,STORECODE,CONTENT,STARS,TITLE) values ('appple01',8,'맛있어요',5,'맛있어');
Insert into MBC.REVIEW_3 (ID,STORECODE,CONTENT,STARS,TITLE) values ('appple01',30,'굿이다',4,'굿굿');
Insert into MBC.REVIEW_3 (ID,STORECODE,CONTENT,STARS,TITLE) values ('appple01',25,'맛있어요',5,'잘 먹었슴돠');
Insert into MBC.REVIEW_3 (ID,STORECODE,CONTENT,STARS,TITLE) values ('mitskgy123',27,'그냥 그런디',3,'그냥 그럼');
Insert into MBC.REVIEW_3 (ID,STORECODE,CONTENT,STARS,TITLE) values ('appple01',23,'정말 맛있다',4,'예약해서 찾아갔어요');
Insert into MBC.REVIEW_3 (ID,STORECODE,CONTENT,STARS,TITLE) values ('mmss',30,'보통이요',3,'보통입니다');
Insert into MBC.REVIEW_3 (ID,STORECODE,CONTENT,STARS,TITLE) values ('mitskg1234',30,'되라됭하',3,'제발 되라');
Insert into MBC.REVIEW_3 (ID,STORECODE,CONTENT,STARS,TITLE) values ('testuser',24,'존맛입니다
',4,'JMT');
Insert into MBC.REVIEW_3 (ID,STORECODE,CONTENT,STARS,TITLE) values ('testuser',21,'보통',3,'보통임');
Insert into MBC.REVIEW_3 (ID,STORECODE,CONTENT,STARS,TITLE) values ('testuser',12,'맛나요를레이',5,'맛나');
Insert into MBC.REVIEW_3 (ID,STORECODE,CONTENT,STARS,TITLE) values ('testuser',8,'짜장이다 짬뽕',3,'짜장');
Insert into MBC.REVIEW_3 (ID,STORECODE,CONTENT,STARS,TITLE) values ('testuser',25,'굿입니다',4,'굿');
Insert into MBC.REVIEW_3 (ID,STORECODE,CONTENT,STARS,TITLE) values ('testuser',14,'노맛',2,'맛도 제로');
Insert into MBC.REVIEW_3 (ID,STORECODE,CONTENT,STARS,TITLE) values ('testuser',28,'굿굿',5,'초밥은 맛있다');
Insert into MBC.REVIEW_3 (ID,STORECODE,CONTENT,STARS,TITLE) values ('testuser',13,'맛난데',5,'맛나요');
Insert into MBC.REVIEW_3 (ID,STORECODE,CONTENT,STARS,TITLE) values ('testuser',2,'맛은 있음',4,'맛은 있지만 평범한 맛~');
Insert into MBC.REVIEW_3 (ID,STORECODE,CONTENT,STARS,TITLE) values ('testuser',9,'굿구굿',4,'굿');
Insert into MBC.REVIEW_3 (ID,STORECODE,CONTENT,STARS,TITLE) values ('testuser',7,'별로',1,'노노놉');
Insert into MBC.REVIEW_3 (ID,STORECODE,CONTENT,STARS,TITLE) values ('testuser',11,'또 가야지',4,'헐');
Insert into MBC.REVIEW_3 (ID,STORECODE,CONTENT,STARS,TITLE) values ('testuser',15,'노맛임',2,'노맛');
Insert into MBC.REVIEW_3 (ID,STORECODE,CONTENT,STARS,TITLE) values ('testuser',27,'별로다 넘넘',1,'우우우ㅜㅇ');
Insert into MBC.REVIEW_3 (ID,STORECODE,CONTENT,STARS,TITLE) values ('korea',7,'맛이 좋아요',4,'예약해서 갔는데 맛있 ');
Insert into MBC.REVIEW_3 (ID,STORECODE,CONTENT,STARS,TITLE) values ('testuser',23,'맛나다',4,'꺄ㅑㅑㅑㅑ');
Insert into MBC.REVIEW_3 (ID,STORECODE,CONTENT,STARS,TITLE) values ('testuser',22,'다시 올게요',4,'옿ㄹ');
Insert into MBC.REVIEW_3 (ID,STORECODE,CONTENT,STARS,TITLE) values ('testuser',20,'넘 이상해',1,'맛이 왜 이래?');
Insert into MBC.REVIEW_3 (ID,STORECODE,CONTENT,STARS,TITLE) values ('testuser',19,'보각보각',3,'보각');
Insert into MBC.REVIEW_3 (ID,STORECODE,CONTENT,STARS,TITLE) values ('testuser',18,'옹오~~',4,'ㄱㄱ');
Insert into MBC.REVIEW_3 (ID,STORECODE,CONTENT,STARS,TITLE) values ('testuser',17,'괜찮네여',4,'맛있');
Insert into MBC.REVIEW_3 (ID,STORECODE,CONTENT,STARS,TITLE) values ('testuser',16,'맛있어',4,'맛있어요');
Insert into MBC.REVIEW_3 (ID,STORECODE,CONTENT,STARS,TITLE) values ('testuser',10,'별로',2,'별로예요');
Insert into MBC.REVIEW_3 (ID,STORECODE,CONTENT,STARS,TITLE) values ('testuser',6,'맛있',4,'맛있어요');
Insert into MBC.REVIEW_3 (ID,STORECODE,CONTENT,STARS,TITLE) values ('testuser',5,'별로예요별로예요',1,'별로예요');
Insert into MBC.REVIEW_3 (ID,STORECODE,CONTENT,STARS,TITLE) values ('testuser',4,'맛있어요맛있어요맛있어요',5,'맛있어요');
Insert into MBC.REVIEW_3 (ID,STORECODE,CONTENT,STARS,TITLE) values ('testuser',3,'별로임',2,'별로임요');
Insert into MBC.REVIEW_3 (ID,STORECODE,CONTENT,STARS,TITLE) values ('testuser',1,'맛있어요
맛있어요
',4,'맛있어요');
Insert into MBC.REVIEW_3 (ID,STORECODE,CONTENT,STARS,TITLE) values ('appple01',28,'맛있다',5,'맛있');
Insert into MBC.REVIEW_3 (ID,STORECODE,CONTENT,STARS,TITLE) values ('mitskgy123',28,'와옹웅웅!!',4,'와우');
Insert into MBC.REVIEW_3 (ID,STORECODE,CONTENT,STARS,TITLE) values ('mitskgy123',4,'존맛탱구리',5,'존맛');
Insert into MBC.REVIEW_3 (ID,STORECODE,CONTENT,STARS,TITLE) values ('korea',8,'굿',5,'불향');
Insert into MBC.REVIEW_3 (ID,STORECODE,CONTENT,STARS,TITLE) values ('testuser',30,'맛있네요',3,'드디어 오넹');
Insert into MBC.REVIEW_3 (ID,STORECODE,CONTENT,STARS,TITLE) values ('mitt12',30,'맛있어용~~~',3,'맛있다');
Insert into MBC.REVIEW_3 (ID,STORECODE,CONTENT,STARS,TITLE) values ('korea',36,'정말 맛있어',5,'맛나');
Insert into MBC.REVIEW_3 (ID,STORECODE,CONTENT,STARS,TITLE) values ('appple01',35,'맛이 끝내줌',4,'맛있어요');
Insert into MBC.REVIEW_3 (ID,STORECODE,CONTENT,STARS,TITLE) values ('appple01',36,'그냥저냥해요',3,'그냥저냥');
Insert into MBC.REVIEW_3 (ID,STORECODE,CONTENT,STARS,TITLE) values ('appple01',32,'와우',5,'정말 맛있엉');
Insert into MBC.REVIEW_3 (ID,STORECODE,CONTENT,STARS,TITLE) values ('appple01',33,'jmtjmt
',4,'와 jmt');
Insert into MBC.REVIEW_3 (ID,STORECODE,CONTENT,STARS,TITLE) values ('appple01',31,'맛있~',5,'맛나다');
Insert into MBC.REVIEW_3 (ID,STORECODE,CONTENT,STARS,TITLE) values ('appple01',29,'별론디요',2,'별로');
Insert into MBC.REVIEW_3 (ID,STORECODE,CONTENT,STARS,TITLE) values ('appple01',26,'맛있어여여여여',4,'맛남');
Insert into MBC.REVIEW_3 (ID,STORECODE,CONTENT,STARS,TITLE) values ('appple01',24,'아쉬워',2,'좀 아쉽');
Insert into MBC.REVIEW_3 (ID,STORECODE,CONTENT,STARS,TITLE) values ('testuser',36,'정말 굿이예요',5,'구웃');
Insert into MBC.REVIEW_3 (ID,STORECODE,CONTENT,STARS,TITLE) values ('korea',9,'아쉬워',3,'쫌 아쉽');
Insert into MBC.REVIEW_3 (ID,STORECODE,CONTENT,STARS,TITLE) values ('korea',34,'맛있다',5,'맛있었어');
Insert into MBC.REVIEW_3 (ID,STORECODE,CONTENT,STARS,TITLE) values ('korea',10,'고기 최고고기 최고고기 최고',5,'고기 최고');
Insert into MBC.REVIEW_3 (ID,STORECODE,CONTENT,STARS,TITLE) values ('korea',32,'진짜 맛있네요',5,'와');
Insert into MBC.REVIEW_3 (ID,STORECODE,CONTENT,STARS,TITLE) values ('korea',33,'굿굿',5,'굿입니다');
Insert into MBC.REVIEW_3 (ID,STORECODE,CONTENT,STARS,TITLE) values ('korea',31,'별로예요',1,'별로');
Insert into MBC.REVIEW_3 (ID,STORECODE,CONTENT,STARS,TITLE) values ('korea',30,'정말 좋네요',5,'하하');
Insert into MBC.REVIEW_3 (ID,STORECODE,CONTENT,STARS,TITLE) values ('korea',29,'일식 잘하네',5,'일식');
Insert into MBC.REVIEW_3 (ID,STORECODE,CONTENT,STARS,TITLE) values ('korea',27,'와우',5,'아아 개맛있어');
Insert into MBC.REVIEW_3 (ID,STORECODE,CONTENT,STARS,TITLE) values ('korea',26,'친절하지 않아',1,'아쉬워요');
Insert into MBC.REVIEW_3 (ID,STORECODE,CONTENT,STARS,TITLE) values ('korea',25,'굿굿굿굿',5,'굿굿');
Insert into MBC.REVIEW_3 (ID,STORECODE,CONTENT,STARS,TITLE) values ('korea',24,'다 맛있네',4,'맛있어요');
Insert into MBC.REVIEW_3 (ID,STORECODE,CONTENT,STARS,TITLE) values ('korea',23,'두번은 안 옴',3,'그냥한번정도올만함');
Insert into MBC.REVIEW_3 (ID,STORECODE,CONTENT,STARS,TITLE) values ('korea',22,'별론디',1,'ㅋㅋㅋㅋㅋ');
Insert into MBC.REVIEW_3 (ID,STORECODE,CONTENT,STARS,TITLE) values ('korea',21,'맛나요~~~~~~~~~',5,'맛있어요');
Insert into MBC.REVIEW_3 (ID,STORECODE,CONTENT,STARS,TITLE) values ('korea',20,'그래도 꽤괜~',4,'괜찮은데 좀 아쉬워요');
Insert into MBC.REVIEW_3 (ID,STORECODE,CONTENT,STARS,TITLE) values ('korea',19,'맛집이여',3,'맛집인듯');
Insert into MBC.REVIEW_3 (ID,STORECODE,CONTENT,STARS,TITLE) values ('korea',18,'소수헌 숫수숫',3,'소수');
Insert into MBC.REVIEW_3 (ID,STORECODE,CONTENT,STARS,TITLE) values ('korea',17,'맛있',4,'맛있어요');
Insert into MBC.REVIEW_3 (ID,STORECODE,CONTENT,STARS,TITLE) values ('korea',16,'다시 올게요',5,'넘 만족');
Insert into MBC.REVIEW_3 (ID,STORECODE,CONTENT,STARS,TITLE) values ('korea',15,'좋은 인테리어다',3,'굿 인테리어');
Insert into MBC.REVIEW_3 (ID,STORECODE,CONTENT,STARS,TITLE) values ('korea',14,'맛있던데여',5,'맛나는디');
Insert into MBC.REVIEW_3 (ID,STORECODE,CONTENT,STARS,TITLE) values ('korea',13,'정말 만족스러운 식사',5,'만족합니다');
Insert into MBC.REVIEW_3 (ID,STORECODE,CONTENT,STARS,TITLE) values ('korea',12,'좋아',4,'좋아요');
Insert into MBC.REVIEW_3 (ID,STORECODE,CONTENT,STARS,TITLE) values ('korea',11,'맛있네요',4,'굿굿');
Insert into MBC.REVIEW_3 (ID,STORECODE,CONTENT,STARS,TITLE) values ('korea',6,'별로 또 안 감',1,'별로');
Insert into MBC.REVIEW_3 (ID,STORECODE,CONTENT,STARS,TITLE) values ('korea',5,'뜨끈해',5,'뜨끈하다');
Insert into MBC.REVIEW_3 (ID,STORECODE,CONTENT,STARS,TITLE) values ('korea',4,'맛이 넘 좋아',5,'쩌는맛');
Insert into MBC.REVIEW_3 (ID,STORECODE,CONTENT,STARS,TITLE) values ('korea',3,'쌈밥은 항상 옳다',4,'쌈밥 최고');
Insert into MBC.REVIEW_3 (ID,STORECODE,CONTENT,STARS,TITLE) values ('korea',2,'만두 ㄱㅊ음',3,'만두 좋다');
Insert into MBC.REVIEW_3 (ID,STORECODE,CONTENT,STARS,TITLE) values ('korea',1,'맛있네',5,'올');
Insert into MBC.REVIEW_3 (ID,STORECODE,CONTENT,STARS,TITLE) values ('mitskgy123',35,'맛있다맛있다맛있다',5,'맛있다');
Insert into MBC.REVIEW_3 (ID,STORECODE,CONTENT,STARS,TITLE) values ('mitskgy123',26,'정말 노맛',2,'정말 노맛');
Insert into MBC.REVIEW_3 (ID,STORECODE,CONTENT,STARS,TITLE) values ('mitskgy123',30,'굿굿굿굿굿굿굿굿',5,'굿굿굿');
Insert into MBC.REVIEW_3 (ID,STORECODE,CONTENT,STARS,TITLE) values ('mitskgy123',32,'별로 다신 안옴',2,'별로');
Insert into MBC.REVIEW_3 (ID,STORECODE,CONTENT,STARS,TITLE) values ('mitskgy123',31,'굿굿굿굿',4,'진짜 굿');
Insert into MBC.REVIEW_3 (ID,STORECODE,CONTENT,STARS,TITLE) values ('mitskgy123',29,'별로다 정말',1,'별로 다신 안옴');
Insert into MBC.REVIEW_3 (ID,STORECODE,CONTENT,STARS,TITLE) values ('mitskgy123',25,'진짜 굿인데',5,'진짜 굿');
Insert into MBC.REVIEW_3 (ID,STORECODE,CONTENT,STARS,TITLE) values ('mitskgy123',24,'정말 맛있네',4,'정말 맛있다');
Insert into MBC.REVIEW_3 (ID,STORECODE,CONTENT,STARS,TITLE) values ('mitskgy123',23,'다신 안옴',2,'별로');
Insert into MBC.REVIEW_3 (ID,STORECODE,CONTENT,STARS,TITLE) values ('mitskgy123',22,'진짜 굿진짜 굿진짜 굿',3,'진짜 굿');
Insert into MBC.REVIEW_3 (ID,STORECODE,CONTENT,STARS,TITLE) values ('mitskgy123',21,'노맛',2,'정말 노맛');
Insert into MBC.REVIEW_3 (ID,STORECODE,CONTENT,STARS,TITLE) values ('mitskgy123',20,'맛있던데요??',5,'정말 맛있다');
Insert into MBC.REVIEW_3 (ID,STORECODE,CONTENT,STARS,TITLE) values ('mitskgy123',19,'별로',1,'다신 안옴');
Insert into MBC.REVIEW_3 (ID,STORECODE,CONTENT,STARS,TITLE) values ('mitskgy123',18,'굿입니다~',5,'굿');
Insert into MBC.REVIEW_3 (ID,STORECODE,CONTENT,STARS,TITLE) values ('mitskgy123',17,'정말 노맛정말 노맛정말 노맛',3,'정말 노맛');
Insert into MBC.REVIEW_3 (ID,STORECODE,CONTENT,STARS,TITLE) values ('mitskgy123',16,'굿굿굿굿굿굿굿',5,'굿');
Insert into MBC.REVIEW_3 (ID,STORECODE,CONTENT,STARS,TITLE) values ('mitskgy123',15,'별로별로별로',2,'별로 다신 안옴');
Insert into MBC.REVIEW_3 (ID,STORECODE,CONTENT,STARS,TITLE) values ('mitskgy123',13,'정말 맛있다',5,'정말 맛있다');
Insert into MBC.REVIEW_3 (ID,STORECODE,CONTENT,STARS,TITLE) values ('mitskgy123',12,'다신 안옴',2,'정말 별로 ');
Insert into MBC.REVIEW_3 (ID,STORECODE,CONTENT,STARS,TITLE) values ('mitskgy123',11,'진짜 굿이여',5,'진짜 굿');
Insert into MBC.REVIEW_3 (ID,STORECODE,CONTENT,STARS,TITLE) values ('mitskgy123',10,'맛있어요~',4,'정말 맛있다');
Insert into MBC.REVIEW_3 (ID,STORECODE,CONTENT,STARS,TITLE) values ('mitskgy123',9,'노맛임.',1,'노맛');
Insert into MBC.REVIEW_3 (ID,STORECODE,CONTENT,STARS,TITLE) values ('mitskgy123',6,'베리굿',5,'굿');
Insert into MBC.REVIEW_3 (ID,STORECODE,CONTENT,STARS,TITLE) values ('mitskgy123',8,'굿',5,'진짜 굿');
Insert into MBC.REVIEW_3 (ID,STORECODE,CONTENT,STARS,TITLE) values ('mitskgy123',7,'정말 노맛',2,'정말 노맛');
Insert into MBC.REVIEW_3 (ID,STORECODE,CONTENT,STARS,TITLE) values ('mitskgy123',5,'맛있다',3,'정말 맛있다');
Insert into MBC.REVIEW_3 (ID,STORECODE,CONTENT,STARS,TITLE) values ('mitskgy123',3,'별로 다신 안옴별로 다신 안옴별로 다신 안옴',3,'별로 다신 안옴');
Insert into MBC.REVIEW_3 (ID,STORECODE,CONTENT,STARS,TITLE) values ('mitskgy123',2,'진짜 굿',5,'정말 맛있다');
Insert into MBC.REVIEW_3 (ID,STORECODE,CONTENT,STARS,TITLE) values ('mitskgy123',1,'정말 노맛',3,'별로 다신 안옴');
Insert into MBC.REVIEW_3 (ID,STORECODE,CONTENT,STARS,TITLE) values ('mmss',36,'다신 안옴',1,'별로 다신 안옴');
Insert into MBC.REVIEW_3 (ID,STORECODE,CONTENT,STARS,TITLE) values ('mmss',35,'진짜 굿임돠',5,'진짜 굿');
Insert into MBC.REVIEW_3 (ID,STORECODE,CONTENT,STARS,TITLE) values ('mmss',34,'별로',2,'오올');
Insert into MBC.REVIEW_3 (ID,STORECODE,CONTENT,STARS,TITLE) values ('mmss',33,'정말 맛있다',5,'진짜 굿');
Insert into MBC.REVIEW_3 (ID,STORECODE,CONTENT,STARS,TITLE) values ('mmss',32,'노맛',1,'정말 노맛');
Insert into MBC.REVIEW_3 (ID,STORECODE,CONTENT,STARS,TITLE) values ('mmss',31,'진짜 굿입니다',3,'진짜 굿');
Insert into MBC.REVIEW_3 (ID,STORECODE,CONTENT,STARS,TITLE) values ('mmss',29,'진짜 굿',5,'정말 맛있다');
Insert into MBC.REVIEW_3 (ID,STORECODE,CONTENT,STARS,TITLE) values ('mmss',28,'정말 노맛',1,'별로 다신 안옴');
Insert into MBC.REVIEW_3 (ID,STORECODE,CONTENT,STARS,TITLE) values ('mmss',27,'굿',5,'진짜 굿');
Insert into MBC.REVIEW_3 (ID,STORECODE,CONTENT,STARS,TITLE) values ('mmss',26,'다신 안옴
',1,'별로 다신 안옴');
Insert into MBC.REVIEW_3 (ID,STORECODE,CONTENT,STARS,TITLE) values ('mmss',25,'굿이여~~~~~~~~',5,'굿');
Insert into MBC.REVIEW_3 (ID,STORECODE,CONTENT,STARS,TITLE) values ('mmss',24,'노맛',2,'정말 노맛');
Insert into MBC.REVIEW_3 (ID,STORECODE,CONTENT,STARS,TITLE) values ('mmss',23,'진짜 굿',5,'정말 맛있다');
Insert into MBC.REVIEW_3 (ID,STORECODE,CONTENT,STARS,TITLE) values ('mmss',22,'노맛이여',2,'노맛');
Insert into MBC.REVIEW_3 (ID,STORECODE,CONTENT,STARS,TITLE) values ('mmss',21,'진짜 굿진짜 굿진짜 굿',5,'진짜 굿');
Insert into MBC.REVIEW_3 (ID,STORECODE,CONTENT,STARS,TITLE) values ('mmss',20,'다신 안옴
',1,'별로 다신 안옴');
Insert into MBC.REVIEW_3 (ID,STORECODE,CONTENT,STARS,TITLE) values ('mmss',19,'굿굿굿굿굿',5,'굿');
Insert into MBC.REVIEW_3 (ID,STORECODE,CONTENT,STARS,TITLE) values ('siu123',18,'노맛',2,'정말 노맛');
Insert into MBC.REVIEW_3 (ID,STORECODE,CONTENT,STARS,TITLE) values ('siu123',17,'맛있다',5,'정말 맛있다');
Insert into MBC.REVIEW_3 (ID,STORECODE,CONTENT,STARS,TITLE) values ('siu123',16,'별로',1,'다신 안옴');
Insert into MBC.REVIEW_3 (ID,STORECODE,CONTENT,STARS,TITLE) values ('siu123',15,'진짜 굿진짜 굿진짜 굿진짜 굿',3,'진짜 굿');
Insert into MBC.REVIEW_3 (ID,STORECODE,CONTENT,STARS,TITLE) values ('siu123',14,'정말 맛있다
',5,'맛있다');
Insert into MBC.REVIEW_3 (ID,STORECODE,CONTENT,STARS,TITLE) values ('siu123',13,'다시는 안옴',2,'별로 다신 안옴');
Insert into MBC.REVIEW_3 (ID,STORECODE,CONTENT,STARS,TITLE) values ('siu123',12,'진짜 굿진짜 굿진짜 굿',5,'진짜 굿');
Insert into MBC.REVIEW_3 (ID,STORECODE,CONTENT,STARS,TITLE) values ('siu123',11,'노맛...',2,'노맛');
Insert into MBC.REVIEW_3 (ID,STORECODE,CONTENT,STARS,TITLE) values ('siu123',10,'평타인 맛',3,'중간');
Insert into MBC.REVIEW_3 (ID,STORECODE,CONTENT,STARS,TITLE) values ('siu123',9,'넘 맛있어요~~',5,'맛있다');
Insert into MBC.REVIEW_3 (ID,STORECODE,CONTENT,STARS,TITLE) values ('siu123',8,'다신 안옴',2,'별로 ');
Insert into MBC.REVIEW_3 (ID,STORECODE,CONTENT,STARS,TITLE) values ('siu123',7,'굿굿굿굿굿굿굿',5,'진짜 굿');
Insert into MBC.REVIEW_3 (ID,STORECODE,CONTENT,STARS,TITLE) values ('siu123',6,'정말 노맛',1,'정말 노맛');
Insert into MBC.REVIEW_3 (ID,STORECODE,CONTENT,STARS,TITLE) values ('siu123',5,'진짜 굿',5,'정말 맛있다');
Insert into MBC.REVIEW_3 (ID,STORECODE,CONTENT,STARS,TITLE) values ('siu123',4,'다신 안옴!!!!!',1,'별로 다신 안옴');
Insert into MBC.REVIEW_3 (ID,STORECODE,CONTENT,STARS,TITLE) values ('siu123',3,'굿굿굿굿',5,'진짜 굿');
Insert into MBC.REVIEW_3 (ID,STORECODE,CONTENT,STARS,TITLE) values ('siu123',2,'노맛',2,'정말 노맛');
Insert into MBC.REVIEW_3 (ID,STORECODE,CONTENT,STARS,TITLE) values ('siu123',1,'노맛노맛노맛노맛',2,'노맛');


REM INSERTING into MBC.FAQ_3
SET DEFINE OFF;
Insert into MBC.FAQ_3 (NUM,ID,TITLE,CONTENT,WDATE,STATE,GROUPS,STEP,SECRET) values (10103,'eeee','좋아요 한 매장은 어디서 보나요?','몰아서 보려고 좋아요 해뒀는데
어디서 볼 수 있나요',to_date('25/05/09','RR/MM/DD'),'답변완료',10087,0,0);
Insert into MBC.FAQ_3 (NUM,ID,TITLE,CONTENT,WDATE,STATE,GROUPS,STEP,SECRET) values (10105,'eeee','맛집 되게 적네요','좀 새로운 맛집 없나요',to_date('25/05/09','RR/MM/DD'),'답변완료',10088,0,1);
Insert into MBC.FAQ_3 (NUM,ID,TITLE,CONTENT,WDATE,STATE,GROUPS,STEP,SECRET) values (10107,'meee','매장등록 문의 남깁니다','새로 오픈했는데 저희 매장도 여기 올리고 싶어요',to_date('25/05/09','RR/MM/DD'),'답변완료',10089,0,1);
Insert into MBC.FAQ_3 (NUM,ID,TITLE,CONTENT,WDATE,STATE,GROUPS,STEP,SECRET) values (10109,'qwer','예약을 하고싶은데','인원수가 너무 적어요 ㅠㅠ
저희 대가족인데',to_date('25/05/09','RR/MM/DD'),'답변완료',10090,0,0);
Insert into MBC.FAQ_3 (NUM,ID,TITLE,CONTENT,WDATE,STATE,GROUPS,STEP,SECRET) values (10111,'jiji','sns 로그인 하고싶은데','언제쯤 구현되나요
문의 남기려고 회원가입 대충 해서
비번도 몰라요',to_date('25/05/09','RR/MM/DD'),'답변완료',10091,0,0);
Insert into MBC.FAQ_3 (NUM,ID,TITLE,CONTENT,WDATE,STATE,GROUPS,STEP,SECRET) values (10113,'jiji','메뉴는요?','메뉴가 없는데???',to_date('25/05/09','RR/MM/DD'),'답변완료',10092,0,0);
Insert into MBC.FAQ_3 (NUM,ID,TITLE,CONTENT,WDATE,STATE,GROUPS,STEP,SECRET) values (10117,'jing55','맛집이라면서 평점들이 ㅋㅋㅋ','맛없는 집 잘 거르고 갑니다 ^^',to_date('25/05/09','RR/MM/DD'),'미답변',10093,0,1);
Insert into MBC.FAQ_3 (NUM,ID,TITLE,CONTENT,WDATE,STATE,GROUPS,STEP,SECRET) values (10118,'jing55','왜 답변 안달아주세요','빨리빨리',to_date('25/05/09','RR/MM/DD'),'미답변',10094,0,1);
Insert into MBC.FAQ_3 (NUM,ID,TITLE,CONTENT,WDATE,STATE,GROUPS,STEP,SECRET) values (10119,'jing55','제 말이 들리지 않나요','왜 답변 안해주냐고요',to_date('25/05/09','RR/MM/DD'),'미답변',10095,0,1);
Insert into MBC.FAQ_3 (NUM,ID,TITLE,CONTENT,WDATE,STATE,GROUPS,STEP,SECRET) values (10120,'jing55','답변해달라고!!','왜왜왜 안달아주는데',to_date('25/05/09','RR/MM/DD'),'미답변',10096,0,1);
Insert into MBC.FAQ_3 (NUM,ID,TITLE,CONTENT,WDATE,STATE,GROUPS,STEP,SECRET) values (10121,'koko','매장 이미지 어떻게 넣나요?','저희 매장 이미지를 좀 바꾸고 싶어요
이미지는 어떻게 바꾸나요?',to_date('25/05/09','RR/MM/DD'),'답변완료',10097,0,0);
Insert into MBC.FAQ_3 (NUM,ID,TITLE,CONTENT,WDATE,STATE,GROUPS,STEP,SECRET) values (10140,'testuser','asdasd','asdasd',null,'답변완료',0,0,0);
Insert into MBC.FAQ_3 (NUM,ID,TITLE,CONTENT,WDATE,STATE,GROUPS,STEP,SECRET) values (10099,'admin','관리자 답변','첫 글 감사합니다 ^^
앞으로 많이 이용해주세요',to_date('25/05/09','RR/MM/DD'),'답변',10085,1,0);
Insert into MBC.FAQ_3 (NUM,ID,TITLE,CONTENT,WDATE,STATE,GROUPS,STEP,SECRET) values (10101,'admin','관리자 답변','아직 비밀번호 변경은 따로 만들어지지 않아
비밀번호 찾기 기능을 통해 비밀번호를 변경하실 수 있습니다
불편을 드려 죄송합니다',to_date('25/05/09','RR/MM/DD'),'답변',10086,1,0);
Insert into MBC.FAQ_3 (NUM,ID,TITLE,CONTENT,WDATE,STATE,GROUPS,STEP,SECRET) values (10104,'admin','관리자 답변','아직 부족한 점이 많아 죄송합니다
추후 추가하도록 하겠습니다',to_date('25/05/09','RR/MM/DD'),'답변',10087,1,0);
Insert into MBC.FAQ_3 (NUM,ID,TITLE,CONTENT,WDATE,STATE,GROUPS,STEP,SECRET) values (10106,'admin','관리자 답변','오픈한지 얼마 되지 않아 아직 매장이 적게 느껴지실 수 있습니다
맛집은 계속 추가할 예정입니다',to_date('25/05/09','RR/MM/DD'),'답변',10088,1,0);
Insert into MBC.FAQ_3 (NUM,ID,TITLE,CONTENT,WDATE,STATE,GROUPS,STEP,SECRET) values (10108,'admin','관리자 답변','aaaa00@gmail.com으로 매장 이미지와 정보 등을 남겨 문의해주세요',to_date('25/05/09','RR/MM/DD'),'답변',10089,1,0);
Insert into MBC.FAQ_3 (NUM,ID,TITLE,CONTENT,WDATE,STATE,GROUPS,STEP,SECRET) values (10110,'admin','관리자 답변','죄송합니다 추후 수정하도록 하겠습니다',to_date('25/05/09','RR/MM/DD'),'답변',10090,1,0);
Insert into MBC.FAQ_3 (NUM,ID,TITLE,CONTENT,WDATE,STATE,GROUPS,STEP,SECRET) values (10112,'admin','관리자 답변','추후 추가될 기능입니다
비밀번호 찾기 기능을 이용해주세요^^',to_date('25/05/09','RR/MM/DD'),'답변',10091,1,0);
Insert into MBC.FAQ_3 (NUM,ID,TITLE,CONTENT,WDATE,STATE,GROUPS,STEP,SECRET) values (10114,'admin','관리자 답변','저희도 모르겠습니다',to_date('25/05/09','RR/MM/DD'),'답변',10092,1,0);
Insert into MBC.FAQ_3 (NUM,ID,TITLE,CONTENT,WDATE,STATE,GROUPS,STEP,SECRET) values (10122,'admin','관리자 답변','aaaa00@gmail.com으로 매장 이미지와 함께 문의 부탁드립니다',to_date('25/05/09','RR/MM/DD'),'답변',10097,1,0);
Insert into MBC.FAQ_3 (NUM,ID,TITLE,CONTENT,WDATE,STATE,GROUPS,STEP,SECRET) values (10124,'korea','입점 문의','저희 매장도 입점하고 싶습니다',to_date('25/05/09','RR/MM/DD'),'답변완료',10124,0,1);
Insert into MBC.FAQ_3 (NUM,ID,TITLE,CONTENT,WDATE,STATE,GROUPS,STEP,SECRET) values (10125,'admin','관리자 답변','첫 글 감사합니다 ^^
앞으로 많이 이용해주세요',to_date('25/05/12','RR/MM/DD'),'답변',10100,1,0);
Insert into MBC.FAQ_3 (NUM,ID,TITLE,CONTENT,WDATE,STATE,GROUPS,STEP,SECRET) values (10126,'admin','관리자 답변','비밀번호 찾기 기능을 이용해 비밀번호를 변경해주세요',to_date('25/05/12','RR/MM/DD'),'답변',10102,1,0);
Insert into MBC.FAQ_3 (NUM,ID,TITLE,CONTENT,WDATE,STATE,GROUPS,STEP,SECRET) values (10127,'admin','관리자 답변','추후 추가 예정입니다',to_date('25/05/12','RR/MM/DD'),'답변',10103,1,0);
Insert into MBC.FAQ_3 (NUM,ID,TITLE,CONTENT,WDATE,STATE,GROUPS,STEP,SECRET) values (10128,'admin','관리자 답변','지속적으로 업데이트 할 예정입니다',to_date('25/05/12','RR/MM/DD'),'답변',10105,1,0);
Insert into MBC.FAQ_3 (NUM,ID,TITLE,CONTENT,WDATE,STATE,GROUPS,STEP,SECRET) values (10129,'admin','관리자 답변','gg1234@gmail.com으로 문의 주세요',to_date('25/05/12','RR/MM/DD'),'답변',10107,1,0);
Insert into MBC.FAQ_3 (NUM,ID,TITLE,CONTENT,WDATE,STATE,GROUPS,STEP,SECRET) values (10130,'admin','관리자 답변','최대 9인까지 예약 가능하도록 변경되었습니다
이용해주셔서 감사합니다',to_date('25/05/12','RR/MM/DD'),'답변',10109,1,0);
Insert into MBC.FAQ_3 (NUM,ID,TITLE,CONTENT,WDATE,STATE,GROUPS,STEP,SECRET) values (10131,'admin','관리자 답변','추후 추가할 예정입니다
불편을 드려 죄송합니다',to_date('25/05/12','RR/MM/DD'),'답변',10111,1,0);
Insert into MBC.FAQ_3 (NUM,ID,TITLE,CONTENT,WDATE,STATE,GROUPS,STEP,SECRET) values (10132,'admin','관리자 답변','추후 업데이트 예정입니다',to_date('25/05/12','RR/MM/DD'),'답변',10113,1,0);
Insert into MBC.FAQ_3 (NUM,ID,TITLE,CONTENT,WDATE,STATE,GROUPS,STEP,SECRET) values (10133,'admin','관리자 답변','gg1234@gmail.com으로 사진과 함께 문의 주세요
이미지 확인 후 업데이트 해드리겠습니다',to_date('25/05/12','RR/MM/DD'),'답변',10121,1,0);

Insert into MBC.FAQ_3 (NUM,ID,TITLE,CONTENT,WDATE,STATE,GROUPS,STEP,SECRET) values (10100,'korea','첫 FAQ 작성','1',to_date('25/05/09','RR/MM/DD'),'답변완료',10085,0,0);
Insert into MBC.FAQ_3 (NUM,ID,TITLE,CONTENT,WDATE,STATE,GROUPS,STEP,SECRET) values (10102,'eeee','안녕하세요','비밀번호를 잊어버렸어요',to_date('25/05/09','RR/MM/DD'),'답변완료',10086,0,0);